{"metadata":{"usedHelpers":[],"marked":[],"modules":{"imports":[{"source":"meteor/templating","imported":["Template"],"specifiers":[{"kind":"named","imported":"Template","local":"Template"}]},{"source":"../api/informations.js","imported":["Informations"],"specifiers":[{"kind":"named","imported":"Informations","local":"Informations"}]},{"source":"./body.html","imported":[],"specifiers":[]}],"exports":{"exported":[],"specifiers":[]}}},"options":{"filename":"imports/ui/body.js","filenameRelative":"imports/ui/body.js","env":{"development":{"plugins":[]}},"retainLines":false,"highlightCode":true,"suppressDeprecationMessages":false,"presets":[],"plugins":[[[],null],[[],null],[[],null],[[],null],[[],null],[[],null],[[],{"generateLetDeclarations":true,"enforceStrictMode":false}],[[],{"polyfill":false}],[[],null],[[],null],[[],null],[[],{"useNativeAsyncAwait":false}],[[],null],[[],null],[[],{"allowTopLevelThis":true,"strict":false,"loose":true}]],"ignore":[],"code":true,"metadata":true,"ast":true,"comments":true,"compact":false,"minified":false,"sourceMap":true,"sourceMaps":true,"sourceMapTarget":"imports/ui/body.js.map","sourceFileName":"imports/ui/body.js","babelrc":false,"sourceType":"module","moduleIds":false,"passPerPreset":false,"parserOpts":false,"generatorOpts":false,"basename":"body"},"ignored":false,"code":"let Template;\nmodule.watch(require(\"meteor/templating\"), {\n  Template(v) {\n    Template = v;\n  }\n\n}, 0);\nlet Informations;\nmodule.watch(require(\"../api/informations.js\"), {\n  Informations(v) {\n    Informations = v;\n  }\n\n}, 1);\nmodule.watch(require(\"./body.html\"));\nTemplate.infoFormTemplate.helpers({\n  getAllItems() {\n    return Informations.find({});\n  }\n\n});","map":{"version":3,"sources":["imports/ui/body.js"],"names":["Template","module","watch","require","v","Informations","infoFormTemplate","helpers","getAllItems","find"],"mappings":"AAAA,IAAIA,QAAJ;AAAaC,OAAOC,KAAP,CAAaC,QAAQ,mBAAR,CAAb,EAA0C;AAACH,WAASI,CAAT,EAAW;AAACJ,eAASI,CAAT;AAAW;;AAAxB,CAA1C,EAAoE,CAApE;AAAuE,IAAIC,YAAJ;AAAiBJ,OAAOC,KAAP,CAAaC,QAAQ,wBAAR,CAAb,EAA+C;AAACE,eAAaD,CAAb,EAAe;AAACC,mBAAaD,CAAb;AAAe;;AAAhC,CAA/C,EAAiF,CAAjF;AAAoFH,OAAOC,KAAP,CAAaC,QAAQ,aAAR,CAAb;AAMzLH,SAASM,gBAAT,CAA0BC,OAA1B,CAAkC;AAChCC,gBAAc;AAEZ,WAAOH,aAAaI,IAAb,CAAkB,EAAlB,CAAP;AACD;;AAJ+B,CAAlC","file":"imports/ui/body.js.map","sourcesContent":["import { Template } from 'meteor/templating';\n \nimport { Informations } from '../api/informations.js';\n \nimport './body.html';\n \nTemplate.infoFormTemplate.helpers({\n  getAllItems() {\n\n    return Informations.find({});\n  },\n});"]},"hash":"0d87db8ef14ad3bbc0a8247b120ff185df3d0f74"}
