{"metadata":{"usedHelpers":[],"marked":[],"modules":{"imports":[{"source":"meteor/meteor","imported":["Meteor"],"specifiers":[{"kind":"named","imported":"Meteor","local":"Meteor"}]},{"source":"meteor/mongo","imported":["Mongo"],"specifiers":[{"kind":"named","imported":"Mongo","local":"Mongo"}]}],"exports":{"exported":[],"specifiers":[]}}},"options":{"filename":"server/main.js","filenameRelative":"server/main.js","env":{"development":{"plugins":[]}},"retainLines":false,"highlightCode":true,"suppressDeprecationMessages":false,"presets":[],"plugins":[[[],null],[[],null],[[],null],[[],null],[[],null],[[],null],[[],{"generateLetDeclarations":true,"enforceStrictMode":false}],[[],{"polyfill":false}],[[],null],[[],null],[[],null],[[],{"useNativeAsyncAwait":false}],[[],null],[[],null],[[],{"allowTopLevelThis":true,"strict":false,"loose":true}]],"ignore":[],"code":true,"metadata":true,"ast":true,"comments":true,"compact":false,"minified":false,"sourceMap":true,"sourceMaps":true,"sourceMapTarget":"server/main.js.map","sourceFileName":"server/main.js","babelrc":false,"sourceType":"module","moduleIds":false,"passPerPreset":false,"parserOpts":false,"generatorOpts":false,"basename":"main"},"ignored":false,"code":"let Meteor;\nmodule.watch(require(\"meteor/meteor\"), {\n  Meteor(v) {\n    Meteor = v;\n  }\n\n}, 0);\nlet Mongo;\nmodule.watch(require(\"meteor/mongo\"), {\n  Mongo(v) {\n    Mongo = v;\n  }\n\n}, 1);\nInformations = new Meteor.Collection('informations');\nMeteor.startup(() => {// code to run on server at startup\n});","map":{"version":3,"sources":["server/main.js"],"names":["Meteor","module","watch","require","v","Mongo","Informations","Collection","startup"],"mappings":"AAAA,IAAIA,MAAJ;AAAWC,OAAOC,KAAP,CAAaC,QAAQ,eAAR,CAAb,EAAsC;AAACH,SAAOI,CAAP,EAAS;AAACJ,aAAOI,CAAP;AAAS;;AAApB,CAAtC,EAA4D,CAA5D;AAA+D,IAAIC,KAAJ;AAAUJ,OAAOC,KAAP,CAAaC,QAAQ,cAAR,CAAb,EAAqC;AAACE,QAAMD,CAAN,EAAQ;AAACC,YAAMD,CAAN;AAAQ;;AAAlB,CAArC,EAAyD,CAAzD;AAGpFE,eAAe,IAAIN,OAAOO,UAAX,CAAsB,cAAtB,CAAf;AAEAP,OAAOQ,OAAP,CAAe,MAAM,CACnB;AACD,CAFD","file":"server/main.js.map","sourcesContent":["import { Meteor } from 'meteor/meteor';\nimport { Mongo } from 'meteor/mongo'\n\nInformations = new Meteor.Collection('informations');\n\nMeteor.startup(() => {\n  // code to run on server at startup\n});\n"]},"hash":"0ee3cae459794ad4cd67302a76f1f44280295a54"}
