{"metadata":{"usedHelpers":[],"marked":[],"modules":{"imports":[{"source":"meteor/templating","imported":["Template"],"specifiers":[{"kind":"named","imported":"Template","local":"Template"}]},{"source":"meteor/reactive-var","imported":["ReactiveVar"],"specifiers":[{"kind":"named","imported":"ReactiveVar","local":"ReactiveVar"}]},{"source":"./main.html","imported":[],"specifiers":[]},{"source":"../server/informations.js","imported":["Informations"],"specifiers":[{"kind":"named","imported":"Informations","local":"Informations"}]}],"exports":{"exported":[],"specifiers":[]}}},"options":{"filename":"imports/ui/body.js","filenameRelative":"imports/ui/body.js","env":{"development":{"plugins":[]}},"retainLines":false,"highlightCode":true,"suppressDeprecationMessages":false,"presets":[],"plugins":[[[],{"generateLetDeclarations":true,"enforceStrictMode":false}],[[],null],[[],{"polyfill":false}],[[],null],[[],null],[[],null],[[],{"allowTopLevelThis":true,"strict":false,"loose":true}],[[],null],[[],null],[[],null],[[],null],[[],null],[[],null],[[],null],[[],null],[[],null],[[],null],[[],null],[[],null],[[],{"loose":true}],[[],{"loose":true}],[[],null],[[],{"loose":true}],[[],null],[[],null],[[],null],[[],null],[[],null],[[],null],[[],{"loose":true}],[[],null],[[],null],[[],null],[[],null],[[],null],[[],null],[[],null]],"ignore":[],"code":true,"metadata":true,"ast":true,"comments":true,"compact":false,"minified":false,"sourceMap":true,"sourceMaps":true,"sourceMapTarget":"imports/ui/body.js.map","sourceFileName":"imports/ui/body.js","babelrc":false,"sourceType":"module","moduleIds":false,"passPerPreset":false,"parserOpts":false,"generatorOpts":false,"basename":"body"},"ignored":false,"code":"var Template = void 0;\nmodule.watch(require(\"meteor/templating\"), {\n  Template: function (v) {\n    Template = v;\n  }\n}, 0);\nvar ReactiveVar = void 0;\nmodule.watch(require(\"meteor/reactive-var\"), {\n  ReactiveVar: function (v) {\n    ReactiveVar = v;\n  }\n}, 1);\nmodule.watch(require(\"./main.html\"));\nvar Informations = void 0;\nmodule.watch(require(\"../server/informations.js\"), {\n  Informations: function (v) {\n    Informations = v;\n  }\n}, 2);\nTemplate.infoFormTemplate.helpers({\n  counter: function () {\n    return Template.instance().counter.get();\n  }\n});\nTemplate.infoFormTemplate.events({\n  'click #submitButton': function (event, instance) {\n    // increment the counter when button is clicked\n    var insertData = {\n      name: $(\".nameField\").val(),\n      email: $(\".emailField\").val(),\n      phone: $(\".phoneNumberField\").val(),\n      dateOfBirth: $(\".dateOfBirthField\").val()\n    };\n    console.log(\"insertData\", insertData); //Insert data\n\n    Informations.insert(insertData);\n  }\n});","map":{"version":3,"sources":["imports/ui/body.js"],"names":["Template","module","watch","require","v","ReactiveVar","Informations","infoFormTemplate","helpers","counter","instance","get","events","event","insertData","name","$","val","email","phone","dateOfBirth","console","log","insert"],"mappings":"AAAA,IAAIA,iBAAJ;AAAaC,OAAOC,KAAP,CAAaC,QAAQ,mBAAR,CAAb,EAA0C;AAACH,UAAD,YAAUI,CAAV,EAAY;AAACJ,eAASI,CAAT;AAAW;AAAxB,CAA1C,EAAoE,CAApE;AAAuE,IAAIC,oBAAJ;AAAgBJ,OAAOC,KAAP,CAAaC,QAAQ,qBAAR,CAAb,EAA4C;AAACE,aAAD,YAAaD,CAAb,EAAe;AAACC,kBAAYD,CAAZ;AAAc;AAA9B,CAA5C,EAA4E,CAA5E;AAA+EH,OAAOC,KAAP,CAAaC,QAAQ,aAAR,CAAb;AAAqC,IAAIG,qBAAJ;AAAiBL,OAAOC,KAAP,CAAaC,QAAQ,2BAAR,CAAb,EAAkD;AAACG,cAAD,YAAcF,CAAd,EAAgB;AAACE,mBAAaF,CAAb;AAAe;AAAhC,CAAlD,EAAoF,CAApF;AAMzOJ,SAASO,gBAAT,CAA0BC,OAA1B,CAAkC;AAChCC,SADgC,cACtB;AACR,WAAOT,SAASU,QAAT,GAAoBD,OAApB,CAA4BE,GAA5B,EAAP;AACD;AAH+B,CAAlC;AAMAX,SAASO,gBAAT,CAA0BK,MAA1B,CAAiC;AAC/B,uBAD+B,YACTC,KADS,EACFH,QADE,EACQ;AACrC;AACA,QAAII,aAAa;AACfC,YAAMC,EAAE,YAAF,EAAgBC,GAAhB,EADS;AAEfC,aAAOF,EAAE,aAAF,EAAiBC,GAAjB,EAFQ;AAGfE,aAAOH,EAAE,mBAAF,EAAuBC,GAAvB,EAHQ;AAIfG,mBAAaJ,EAAE,mBAAF,EAAuBC,GAAvB;AAJE,KAAjB;AAOFI,YAAQC,GAAR,CAAY,YAAZ,EAA0BR,UAA1B,EATuC,CAWpC;;AACAR,iBAAaiB,MAAb,CAAoBT,UAApB;AAEF;AAf8B,CAAjC","file":"imports/ui/body.js.map","sourcesContent":["import { Template } from 'meteor/templating';\nimport { ReactiveVar } from 'meteor/reactive-var';\nimport './main.html';\n\nimport { Informations } from '../server/informations.js';\n\nTemplate.infoFormTemplate.helpers({\n  counter() {\n    return Template.instance().counter.get();\n  },\n});\n\nTemplate.infoFormTemplate.events({\n  'click #submitButton'(event, instance) {\n    // increment the counter when button is clicked\n    var insertData = {\n      name: $(\".nameField\").val(),\n      email: $(\".emailField\").val(),\n      phone: $(\".phoneNumberField\").val(),\n      dateOfBirth: $(\".dateOfBirthField\").val(),\n  }\n\n  console.log(\"insertData\", insertData);\n\n     //Insert data\n     Informations.insert(insertData);\n\n  },\n});\n"]},"hash":"1bff4d826fda8b2050765acc994fd61464d9acbe"}
