{"metadata":{"usedHelpers":[],"marked":[],"modules":{"imports":[{"source":"meteor/mongo","imported":["Mongo"],"specifiers":[{"kind":"named","imported":"Mongo","local":"Mongo"}]}],"exports":{"exported":["Informations"],"specifiers":[{"kind":"local","local":"Informations","exported":"Informations"}]}}},"options":{"filename":"server/informations.js","filenameRelative":"server/informations.js","env":{"development":{"plugins":[]}},"retainLines":false,"highlightCode":true,"suppressDeprecationMessages":false,"presets":[],"plugins":[[[],null],[[],null],[[],null],[[],null],[[],null],[[],null],[[],{"generateLetDeclarations":true,"enforceStrictMode":false}],[[],{"polyfill":false}],[[],null],[[],null],[[],null],[[],{"useNativeAsyncAwait":false}],[[],null],[[],null],[[],{"allowTopLevelThis":true,"strict":false,"loose":true}]],"ignore":[],"code":true,"metadata":true,"ast":true,"comments":true,"compact":false,"minified":false,"sourceMap":true,"sourceMaps":true,"sourceMapTarget":"server/informations.js.map","sourceFileName":"server/informations.js","babelrc":false,"sourceType":"module","moduleIds":false,"passPerPreset":false,"parserOpts":false,"generatorOpts":false,"basename":"informations"},"ignored":false,"code":"module.export({\n  Informations: () => Informations\n});\nlet Mongo;\nmodule.watch(require(\"meteor/mongo\"), {\n  Mongo(v) {\n    Mongo = v;\n  }\n\n}, 0);\nconst Informations = new Mongo.Collection('informations');","map":{"version":3,"sources":["server/informations.js"],"names":["module","export","Informations","Mongo","watch","require","v","Collection"],"mappings":"AAAAA,OAAOC,MAAP,CAAc;AAACC,gBAAa,MAAIA;AAAlB,CAAd;AAA+C,IAAIC,KAAJ;AAAUH,OAAOI,KAAP,CAAaC,QAAQ,cAAR,CAAb,EAAqC;AAACF,QAAMG,CAAN,EAAQ;AAACH,YAAMG,CAAN;AAAQ;;AAAlB,CAArC,EAAyD,CAAzD;AAElD,MAAMJ,eAAe,IAAIC,MAAMI,UAAV,CAAqB,cAArB,CAArB","file":"server/informations.js.map","sourcesContent":["import { Mongo } from 'meteor/mongo';\n \nexport const Informations = new Mongo.Collection('informations');"]},"hash":"3c997ad71823f36da6eb1fb9150fb5d1e4e95157"}
