{"metadata":{"usedHelpers":[],"marked":[],"modules":{"imports":[{"source":"meteor/templating","imported":["Template"],"specifiers":[{"kind":"named","imported":"Template","local":"Template"}]},{"source":"../api/tasks.js","imported":["Tasks"],"specifiers":[{"kind":"named","imported":"Tasks","local":"Tasks"}]},{"source":"./body.html","imported":[],"specifiers":[]}],"exports":{"exported":[],"specifiers":[]}}},"options":{"filename":"imports/ui/body.js","filenameRelative":"imports/ui/body.js","env":{"development":{"plugins":[]}},"retainLines":false,"highlightCode":true,"suppressDeprecationMessages":false,"presets":[],"plugins":[[[],{"generateLetDeclarations":true,"enforceStrictMode":false}],[[],null],[[],{"polyfill":false}],[[],null],[[],null],[[],null],[[],{"allowTopLevelThis":true,"strict":false,"loose":true}],[[],null],[[],null],[[],null],[[],null],[[],null],[[],null],[[],null],[[],null],[[],null],[[],null],[[],null],[[],null],[[],{"loose":true}],[[],{"loose":true}],[[],null],[[],{"loose":true}],[[],null],[[],null],[[],null],[[],null],[[],null],[[],null],[[],{"loose":true}],[[],null],[[],null],[[],null],[[],null],[[],null],[[],null],[[],null]],"ignore":[],"code":true,"metadata":true,"ast":true,"comments":true,"compact":false,"minified":false,"sourceMap":true,"sourceMaps":true,"sourceMapTarget":"imports/ui/body.js.map","sourceFileName":"imports/ui/body.js","babelrc":false,"sourceType":"module","moduleIds":false,"passPerPreset":false,"parserOpts":false,"generatorOpts":false,"basename":"body"},"ignored":false,"code":"var Template = void 0;\nmodule.watch(require(\"meteor/templating\"), {\n  Template: function (v) {\n    Template = v;\n  }\n}, 0);\nvar Tasks = void 0;\nmodule.watch(require(\"../api/tasks.js\"), {\n  Tasks: function (v) {\n    Tasks = v;\n  }\n}, 1);\nmodule.watch(require(\"./body.html\"));\nTemplate.bodyTemplate.events({\n  'submit #submitInfo': function (event) {\n    event.preventDefault();\n    var target = event.target;\n    var infoData = {\n      name: target.name.value,\n      phone: target.phone.value,\n      email: target.email.value,\n      dateOfBirth: target.dateOfBirth.value,\n      createdAt: new Date()\n    };\n    Tasks.insert(infoData);\n    target.name.value = '';\n    target.phone.value = '';\n    target.email.value = '';\n    target.dateOfBirth.value = '';\n  }\n});\nTemplate.itemsListTemlate.helpers({\n  getAllItems: function () {\n    return Tasks.find({});\n  }\n});\nTemplate.itemsListTemlate.events({\n  'click .delete': function (event) {\n    Tasks.remove(this._id);\n  }\n});\nTemplate.itemsListTemlate.Helper('formatDate', function (date) {\n  return tasks.format('MM-DD-YYYY');\n});","map":{"version":3,"sources":["imports/ui/body.js"],"names":["Template","module","watch","require","v","Tasks","bodyTemplate","events","event","preventDefault","target","infoData","name","value","phone","email","dateOfBirth","createdAt","Date","insert","itemsListTemlate","helpers","getAllItems","find","remove","_id","Helper","date","tasks","format"],"mappings":"AAAA,IAAIA,iBAAJ;AAAaC,OAAOC,KAAP,CAAaC,QAAQ,mBAAR,CAAb,EAA0C;AAACH,UAAD,YAAUI,CAAV,EAAY;AAACJ,eAASI,CAAT;AAAW;AAAxB,CAA1C,EAAoE,CAApE;AAAuE,IAAIC,cAAJ;AAAUJ,OAAOC,KAAP,CAAaC,QAAQ,iBAAR,CAAb,EAAwC;AAACE,OAAD,YAAOD,CAAP,EAAS;AAACC,YAAMD,CAAN;AAAQ;AAAlB,CAAxC,EAA4D,CAA5D;AAA+DH,OAAOC,KAAP,CAAaC,QAAQ,aAAR,CAAb;AAM7JH,SAASM,YAAT,CAAsBC,MAAtB,CAA6B;AAC3B,sBAD2B,YACNC,KADM,EACC;AAE1BA,UAAMC,cAAN;AAEA,QAAMC,SAASF,MAAME,MAArB;AAEA,QAAMC,WAAW;AACfC,YAAMF,OAAOE,IAAP,CAAYC,KADH;AAEfC,aAAOJ,OAAOI,KAAP,CAAaD,KAFL;AAGfE,aAAOL,OAAOK,KAAP,CAAaF,KAHL;AAIfG,mBAAaN,OAAOM,WAAP,CAAmBH,KAJjB;AAKfI,iBAAW,IAAIC,IAAJ;AALI,KAAjB;AAQAb,UAAMc,MAAN,CAAaR,QAAb;AAGCD,WAAOE,IAAP,CAAYC,KAAZ,GAAoB,EAApB;AACAH,WAAOI,KAAP,CAAaD,KAAb,GAAqB,EAArB;AACAH,WAAOK,KAAP,CAAaF,KAAb,GAAqB,EAArB;AACAH,WAAOM,WAAP,CAAmBH,KAAnB,GAA0B,EAA1B;AACF;AAtB0B,CAA7B;AA2BAb,SAASoB,gBAAT,CAA0BC,OAA1B,CAAkC;AAChCC,aADgC,cAClB;AAEZ,WAAOjB,MAAMkB,IAAN,CAAW,EAAX,CAAP;AACD;AAJ+B,CAAlC;AAOAvB,SAASoB,gBAAT,CAA0Bb,MAA1B,CAAiC;AAE/B,iBAF+B,YAEfC,KAFe,EAER;AAErBH,UAAMmB,MAAN,CAAa,KAAKC,GAAlB;AAED;AAN8B,CAAjC;AAWAzB,SAASoB,gBAAT,CAA0BM,MAA1B,CAAiC,YAAjC,EAA+C,UAASC,IAAT,EAAe;AAC5D,SAAOC,MAAMC,MAAN,CAAa,YAAb,CAAP;AACD,CAFD","file":"imports/ui/body.js.map","sourcesContent":["import { Template } from 'meteor/templating';\n \nimport { Tasks } from '../api/tasks.js';\n \nimport './body.html';\n\nTemplate.bodyTemplate.events({\n  'submit #submitInfo'(event) {\n   \n    event.preventDefault();\n \n    const target = event.target;\n\n    const infoData = {\n      name: target.name.value,\n      phone: target.phone.value,\n      email: target.email.value,\n      dateOfBirth: target.dateOfBirth.value,\n      createdAt: new Date()\n    };\n \n    Tasks.insert(infoData);\n \n    \n     target.name.value = '';\n     target.phone.value = '';\n     target.email.value = '';\n     target.dateOfBirth.value ='';\n  },\n});\n\n\n\nTemplate.itemsListTemlate.helpers({\n  getAllItems() {\n\n    return Tasks.find({});\n  },\n});\n\nTemplate.itemsListTemlate.events({\n\n  'click .delete'(event) {\n\n    Tasks.remove(this._id);\n\n  },\n\n});\n\n\nTemplate.itemsListTemlate.Helper('formatDate', function(date) {\n  return tasks.format('MM-DD-YYYY');\n});"]},"hash":"3de6462370e4c5cdd94e7a6d267fd22efb19be3a"}
