{"metadata":{"usedHelpers":[],"marked":[],"modules":{"imports":[{"source":"meteor/meteor","imported":["Meteor"],"specifiers":[{"kind":"named","imported":"Meteor","local":"Meteor"}]},{"source":"meteor/mongo","imported":["Mongo"],"specifiers":[{"kind":"named","imported":"Mongo","local":"Mongo"}]}],"exports":{"exported":["Informations"],"specifiers":[{"kind":"local","local":"Informations","exported":"Informations"}]}}},"options":{"filename":"server/main.js","filenameRelative":"server/main.js","env":{"development":{"plugins":[]}},"retainLines":false,"highlightCode":true,"suppressDeprecationMessages":false,"presets":[],"plugins":[[[],null],[[],null],[[],null],[[],null],[[],null],[[],null],[[],{"generateLetDeclarations":true,"enforceStrictMode":false}],[[],{"polyfill":false}],[[],null],[[],null],[[],null],[[],{"useNativeAsyncAwait":false}],[[],null],[[],null],[[],{"allowTopLevelThis":true,"strict":false,"loose":true}]],"ignore":[],"code":true,"metadata":true,"ast":true,"comments":true,"compact":false,"minified":false,"sourceMap":true,"sourceMaps":true,"sourceMapTarget":"server/main.js.map","sourceFileName":"server/main.js","babelrc":false,"sourceType":"module","moduleIds":false,"passPerPreset":false,"parserOpts":false,"generatorOpts":false,"basename":"main"},"ignored":false,"code":"module.export({\n  Informations: () => Informations\n});\nlet Meteor;\nmodule.watch(require(\"meteor/meteor\"), {\n  Meteor(v) {\n    Meteor = v;\n  }\n\n}, 0);\nlet Mongo;\nmodule.watch(require(\"meteor/mongo\"), {\n  Mongo(v) {\n    Mongo = v;\n  }\n\n}, 1);\nconst Informations = new Mongo.Collection('informations');\nMeteor.startup(() => {// code to run on server at startup\n});","map":{"version":3,"sources":["server/main.js"],"names":["module","export","Informations","Meteor","watch","require","v","Mongo","Collection","startup"],"mappings":"AAAAA,OAAOC,MAAP,CAAc;AAACC,gBAAa,MAAIA;AAAlB,CAAd;AAA+C,IAAIC,MAAJ;AAAWH,OAAOI,KAAP,CAAaC,QAAQ,eAAR,CAAb,EAAsC;AAACF,SAAOG,CAAP,EAAS;AAACH,aAAOG,CAAP;AAAS;;AAApB,CAAtC,EAA4D,CAA5D;AAA+D,IAAIC,KAAJ;AAAUP,OAAOI,KAAP,CAAaC,QAAQ,cAAR,CAAb,EAAqC;AAACE,QAAMD,CAAN,EAAQ;AAACC,YAAMD,CAAN;AAAQ;;AAAlB,CAArC,EAAyD,CAAzD;AAG5H,MAAMJ,eAAe,IAAIK,MAAMC,UAAV,CAAqB,cAArB,CAArB;AAEPL,OAAOM,OAAP,CAAe,MAAM,CACnB;AACD,CAFD","file":"server/main.js.map","sourcesContent":["import { Meteor } from 'meteor/meteor';\nimport { Mongo } from 'meteor/mongo'\n \nexport const Informations = new Mongo.Collection('informations');\n\nMeteor.startup(() => {\n  // code to run on server at startup\n});\n"]},"hash":"af9c48e7e0971c6a8c2bfdaf812cfa09e2c7db44"}
