{"metadata":{"usedHelpers":[],"marked":[],"modules":{"imports":[{"source":"meteor/templating","imported":["Template"],"specifiers":[{"kind":"named","imported":"Template","local":"Template"}]},{"source":"../api/informations.js","imported":["Informations"],"specifiers":[{"kind":"named","imported":"Informations","local":"Informations"}]},{"source":"./body.html","imported":[],"specifiers":[]}],"exports":{"exported":[],"specifiers":[]}}},"options":{"filename":"imports/ui/body.js","filenameRelative":"imports/ui/body.js","env":{"development":{"plugins":[]}},"retainLines":false,"highlightCode":true,"suppressDeprecationMessages":false,"presets":[],"plugins":[[[],{"generateLetDeclarations":true,"enforceStrictMode":false}],[[],null],[[],{"polyfill":false}],[[],null],[[],null],[[],null],[[],{"allowTopLevelThis":true,"strict":false,"loose":true}],[[],null],[[],null],[[],null],[[],null],[[],null],[[],null],[[],null],[[],null],[[],null],[[],null],[[],null],[[],null],[[],{"loose":true}],[[],{"loose":true}],[[],null],[[],{"loose":true}],[[],null],[[],null],[[],null],[[],null],[[],null],[[],null],[[],{"loose":true}],[[],null],[[],null],[[],null],[[],null],[[],null],[[],null],[[],null]],"ignore":[],"code":true,"metadata":true,"ast":true,"comments":true,"compact":false,"minified":false,"sourceMap":true,"sourceMaps":true,"sourceMapTarget":"imports/ui/body.js.map","sourceFileName":"imports/ui/body.js","babelrc":false,"sourceType":"module","moduleIds":false,"passPerPreset":false,"parserOpts":false,"generatorOpts":false,"basename":"body"},"ignored":false,"code":"var Template = void 0;\nmodule.watch(require(\"meteor/templating\"), {\n  Template: function (v) {\n    Template = v;\n  }\n}, 0);\nvar Informations = void 0;\nmodule.watch(require(\"../api/informations.js\"), {\n  Informations: function (v) {\n    Informations = v;\n  }\n}, 1);\nmodule.watch(require(\"./body.html\"));\nTemplate.infoFormTemplate.helpers({\n  getAllItems: function () {\n    return Informations.find({});\n  }\n});","map":{"version":3,"sources":["imports/ui/body.js"],"names":["Template","module","watch","require","v","Informations","infoFormTemplate","helpers","getAllItems","find"],"mappings":"AAAA,IAAIA,iBAAJ;AAAaC,OAAOC,KAAP,CAAaC,QAAQ,mBAAR,CAAb,EAA0C;AAACH,UAAD,YAAUI,CAAV,EAAY;AAACJ,eAASI,CAAT;AAAW;AAAxB,CAA1C,EAAoE,CAApE;AAAuE,IAAIC,qBAAJ;AAAiBJ,OAAOC,KAAP,CAAaC,QAAQ,wBAAR,CAAb,EAA+C;AAACE,cAAD,YAAcD,CAAd,EAAgB;AAACC,mBAAaD,CAAb;AAAe;AAAhC,CAA/C,EAAiF,CAAjF;AAAoFH,OAAOC,KAAP,CAAaC,QAAQ,aAAR,CAAb;AAMzLH,SAASM,gBAAT,CAA0BC,OAA1B,CAAkC;AAChCC,aADgC,cAClB;AAEZ,WAAOH,aAAaI,IAAb,CAAkB,EAAlB,CAAP;AACD;AAJ+B,CAAlC","file":"imports/ui/body.js.map","sourcesContent":["import { Template } from 'meteor/templating';\n \nimport { Informations } from '../api/informations.js';\n \nimport './body.html';\n \nTemplate.infoFormTemplate.helpers({\n  getAllItems() {\n\n    return Informations.find({});\n  },\n});"]},"hash":"b28b9e7da9c879c2fb95823bcfab6d64b60e388d"}
