{"metadata":{"usedHelpers":[],"marked":[],"modules":{"imports":[{"source":"meteor/templating","imported":["Template"],"specifiers":[{"kind":"named","imported":"Template","local":"Template"}]},{"source":"../api/tasks.js","imported":["Tasks"],"specifiers":[{"kind":"named","imported":"Tasks","local":"Tasks"}]},{"source":"./body.html","imported":[],"specifiers":[]}],"exports":{"exported":[],"specifiers":[]}}},"options":{"filename":"imports/ui/body.js","filenameRelative":"imports/ui/body.js","env":{"development":{"plugins":[]}},"retainLines":false,"highlightCode":true,"suppressDeprecationMessages":false,"presets":[],"plugins":[[[],null],[[],null],[[],null],[[],null],[[],null],[[],null],[[],{"generateLetDeclarations":true,"enforceStrictMode":false}],[[],{"polyfill":false}],[[],null],[[],null],[[],null],[[],{"useNativeAsyncAwait":false}],[[],null],[[],null],[[],{"allowTopLevelThis":true,"strict":false,"loose":true}]],"ignore":[],"code":true,"metadata":true,"ast":true,"comments":true,"compact":false,"minified":false,"sourceMap":true,"sourceMaps":true,"sourceMapTarget":"imports/ui/body.js.map","sourceFileName":"imports/ui/body.js","babelrc":false,"sourceType":"module","moduleIds":false,"passPerPreset":false,"parserOpts":false,"generatorOpts":false,"basename":"body"},"ignored":false,"code":"let Template;\nmodule.watch(require(\"meteor/templating\"), {\n  Template(v) {\n    Template = v;\n  }\n\n}, 0);\nlet Tasks;\nmodule.watch(require(\"../api/tasks.js\"), {\n  Tasks(v) {\n    Tasks = v;\n  }\n\n}, 1);\nmodule.watch(require(\"./body.html\"));\nTemplate.bodyTemplate.helpers({\n  getAllItems() {\n    return Tasks.find({});\n  }\n\n});\nTemplate.bodyTemplate.events({\n  'submit #newInfoForm'(event) {\n    // Prevent default browser form submit\n    event.preventDefault(); // Get value from form element\n\n    const target = event.target;\n    const infoData = {\n      name: target.name.value,\n      phone: target.phone.value,\n      email: target.email.value,\n      dateOfBirth: target.dateOfBirth.value,\n      createdAt: new Date()\n    };\n    console.log(\"infoData\", infoData); // Insert a task into the collection\n\n    Tasks.insert(infoData); // Clear form\n\n    target.name.value = '';\n    target.phone.value = '';\n    target.email.value = '';\n    target.dateOfBirth.value = '';\n  }\n\n});","map":{"version":3,"sources":["imports/ui/body.js"],"names":["Template","module","watch","require","v","Tasks","bodyTemplate","helpers","getAllItems","find","events","event","preventDefault","target","infoData","name","value","phone","email","dateOfBirth","createdAt","Date","console","log","insert"],"mappings":"AAAA,IAAIA,QAAJ;AAAaC,OAAOC,KAAP,CAAaC,QAAQ,mBAAR,CAAb,EAA0C;AAACH,WAASI,CAAT,EAAW;AAACJ,eAASI,CAAT;AAAW;;AAAxB,CAA1C,EAAoE,CAApE;AAAuE,IAAIC,KAAJ;AAAUJ,OAAOC,KAAP,CAAaC,QAAQ,iBAAR,CAAb,EAAwC;AAACE,QAAMD,CAAN,EAAQ;AAACC,YAAMD,CAAN;AAAQ;;AAAlB,CAAxC,EAA4D,CAA5D;AAA+DH,OAAOC,KAAP,CAAaC,QAAQ,aAAR,CAAb;AAM7JH,SAASM,YAAT,CAAsBC,OAAtB,CAA8B;AAC5BC,gBAAc;AAEZ,WAAOH,MAAMI,IAAN,CAAW,EAAX,CAAP;AACD;;AAJ2B,CAA9B;AAQAT,SAASM,YAAT,CAAsBI,MAAtB,CAA6B;AAC3B,wBAAsBC,KAAtB,EAA6B;AAC3B;AACAA,UAAMC,cAAN,GAF2B,CAI3B;;AACA,UAAMC,SAASF,MAAME,MAArB;AAIA,UAAMC,WAAW;AACfC,YAAMF,OAAOE,IAAP,CAAYC,KADH;AAEfC,aAAOJ,OAAOI,KAAP,CAAaD,KAFL;AAGfE,aAAOL,OAAOK,KAAP,CAAaF,KAHL;AAIfG,mBAAaN,OAAOM,WAAP,CAAmBH,KAJjB;AAKfI,iBAAW,IAAIC,IAAJ;AALI,KAAjB;AAQAC,YAAQC,GAAR,CAAY,UAAZ,EAAwBT,QAAxB,EAjB2B,CAmB3B;;AACAT,UAAMmB,MAAN,CAAaV,QAAb,EApB2B,CAsB3B;;AACCD,WAAOE,IAAP,CAAYC,KAAZ,GAAoB,EAApB;AACAH,WAAOI,KAAP,CAAaD,KAAb,GAAqB,EAArB;AACAH,WAAOK,KAAP,CAAaF,KAAb,GAAqB,EAArB;AACAH,WAAOM,WAAP,CAAmBH,KAAnB,GAA0B,EAA1B;AACF;;AA5B0B,CAA7B","file":"imports/ui/body.js.map","sourcesContent":["import { Template } from 'meteor/templating';\n \nimport { Tasks } from '../api/tasks.js';\n \nimport './body.html';\n \nTemplate.bodyTemplate.helpers({\n  getAllItems() {\n\n    return Tasks.find({});\n  },\n});\n\n\nTemplate.bodyTemplate.events({\n  'submit #newInfoForm'(event) {\n    // Prevent default browser form submit\n    event.preventDefault();\n \n    // Get value from form element\n    const target = event.target;\n\n\n\n    const infoData = {\n      name: target.name.value,\n      phone: target.phone.value,\n      email: target.email.value,\n      dateOfBirth: target.dateOfBirth.value,\n      createdAt: new Date()\n    };\n \n    console.log(\"infoData\", infoData);\n\n    // Insert a task into the collection\n    Tasks.insert(infoData);\n \n    // Clear form\n     target.name.value = '';\n     target.phone.value = '';\n     target.email.value = '';\n     target.dateOfBirth.value ='';\n  },\n});"]},"hash":"b5400b37318f7f8824b37081cafbc167604e6fcb"}
