{"metadata":{"usedHelpers":[],"marked":[],"modules":{"imports":[{"source":"meteor/templating","imported":["Template"],"specifiers":[{"kind":"named","imported":"Template","local":"Template"}]},{"source":"../api/tasks.js","imported":["Tasks"],"specifiers":[{"kind":"named","imported":"Tasks","local":"Tasks"}]},{"source":"./body.html","imported":[],"specifiers":[]}],"exports":{"exported":[],"specifiers":[]}}},"options":{"filename":"imports/ui/body.js","filenameRelative":"imports/ui/body.js","env":{"development":{"plugins":[]}},"retainLines":false,"highlightCode":true,"suppressDeprecationMessages":false,"presets":[],"plugins":[[[],null],[[],null],[[],null],[[],null],[[],null],[[],null],[[],{"generateLetDeclarations":true,"enforceStrictMode":false}],[[],{"polyfill":false}],[[],null],[[],null],[[],null],[[],{"useNativeAsyncAwait":false}],[[],null],[[],null],[[],{"allowTopLevelThis":true,"strict":false,"loose":true}]],"ignore":[],"code":true,"metadata":true,"ast":true,"comments":true,"compact":false,"minified":false,"sourceMap":true,"sourceMaps":true,"sourceMapTarget":"imports/ui/body.js.map","sourceFileName":"imports/ui/body.js","babelrc":false,"sourceType":"module","moduleIds":false,"passPerPreset":false,"parserOpts":false,"generatorOpts":false,"basename":"body"},"ignored":false,"code":"let Template;\nmodule.watch(require(\"meteor/templating\"), {\n  Template(v) {\n    Template = v;\n  }\n\n}, 0);\nlet Tasks;\nmodule.watch(require(\"../api/tasks.js\"), {\n  Tasks(v) {\n    Tasks = v;\n  }\n\n}, 1);\nmodule.watch(require(\"./body.html\"));\nTemplate.bodyTemplate.events({\n  'submit #newInfoForm'(event) {\n    event.preventDefault();\n    const target = event.target;\n    const infoData = {\n      name: target.name.value,\n      phone: target.phone.value,\n      email: target.email.value,\n      dateOfBirth: target.dateOfBirth.value,\n      createdAt: new Date()\n    };\n    Tasks.insert(infoData);\n    target.name.value = '';\n    target.phone.value = '';\n    target.email.value = '';\n    target.dateOfBirth.value = '';\n  }\n\n});\nTemplate.itemsListTemlate.helpers({\n  getAllItems() {\n    return Tasks.find({});\n  }\n\n});","map":{"version":3,"sources":["imports/ui/body.js"],"names":["Template","module","watch","require","v","Tasks","bodyTemplate","events","event","preventDefault","target","infoData","name","value","phone","email","dateOfBirth","createdAt","Date","insert","itemsListTemlate","helpers","getAllItems","find"],"mappings":"AAAA,IAAIA,QAAJ;AAAaC,OAAOC,KAAP,CAAaC,QAAQ,mBAAR,CAAb,EAA0C;AAACH,WAASI,CAAT,EAAW;AAACJ,eAASI,CAAT;AAAW;;AAAxB,CAA1C,EAAoE,CAApE;AAAuE,IAAIC,KAAJ;AAAUJ,OAAOC,KAAP,CAAaC,QAAQ,iBAAR,CAAb,EAAwC;AAACE,QAAMD,CAAN,EAAQ;AAACC,YAAMD,CAAN;AAAQ;;AAAlB,CAAxC,EAA4D,CAA5D;AAA+DH,OAAOC,KAAP,CAAaC,QAAQ,aAAR,CAAb;AAM7JH,SAASM,YAAT,CAAsBC,MAAtB,CAA6B;AAC3B,wBAAsBC,KAAtB,EAA6B;AAE3BA,UAAMC,cAAN;AAEA,UAAMC,SAASF,MAAME,MAArB;AAEA,UAAMC,WAAW;AACfC,YAAMF,OAAOE,IAAP,CAAYC,KADH;AAEfC,aAAOJ,OAAOI,KAAP,CAAaD,KAFL;AAGfE,aAAOL,OAAOK,KAAP,CAAaF,KAHL;AAIfG,mBAAaN,OAAOM,WAAP,CAAmBH,KAJjB;AAKfI,iBAAW,IAAIC,IAAJ;AALI,KAAjB;AAQAb,UAAMc,MAAN,CAAaR,QAAb;AAGCD,WAAOE,IAAP,CAAYC,KAAZ,GAAoB,EAApB;AACAH,WAAOI,KAAP,CAAaD,KAAb,GAAqB,EAArB;AACAH,WAAOK,KAAP,CAAaF,KAAb,GAAqB,EAArB;AACAH,WAAOM,WAAP,CAAmBH,KAAnB,GAA0B,EAA1B;AACF;;AAtB0B,CAA7B;AA2BAb,SAASoB,gBAAT,CAA0BC,OAA1B,CAAkC;AAChCC,gBAAc;AAEZ,WAAOjB,MAAMkB,IAAN,CAAW,EAAX,CAAP;AACD;;AAJ+B,CAAlC","file":"imports/ui/body.js.map","sourcesContent":["import { Template } from 'meteor/templating';\n \nimport { Tasks } from '../api/tasks.js';\n \nimport './body.html';\n\nTemplate.bodyTemplate.events({\n  'submit #newInfoForm'(event) {\n   \n    event.preventDefault();\n \n    const target = event.target;\n\n    const infoData = {\n      name: target.name.value,\n      phone: target.phone.value,\n      email: target.email.value,\n      dateOfBirth: target.dateOfBirth.value,\n      createdAt: new Date()\n    };\n \n    Tasks.insert(infoData);\n \n    \n     target.name.value = '';\n     target.phone.value = '';\n     target.email.value = '';\n     target.dateOfBirth.value ='';\n  },\n});\n\n\n\nTemplate.itemsListTemlate.helpers({\n  getAllItems() {\n\n    return Tasks.find({});\n  },\n});\n\n\n"]},"hash":"cad675da9add3c0dc902395803cabf4f97fdcd30"}
