{"metadata":{"usedHelpers":[],"marked":[],"modules":{"imports":[{"source":"meteor/templating","imported":["Template"],"specifiers":[{"kind":"named","imported":"Template","local":"Template"}]},{"source":"../api/tasks.js","imported":["Tasks"],"specifiers":[{"kind":"named","imported":"Tasks","local":"Tasks"}]},{"source":"./body.html","imported":[],"specifiers":[]}],"exports":{"exported":[],"specifiers":[]}}},"options":{"filename":"imports/ui/body.js","filenameRelative":"imports/ui/body.js","env":{"development":{"plugins":[]}},"retainLines":false,"highlightCode":true,"suppressDeprecationMessages":false,"presets":[],"plugins":[[[],{"generateLetDeclarations":true,"enforceStrictMode":false}],[[],null],[[],{"polyfill":false}],[[],null],[[],null],[[],null],[[],{"allowTopLevelThis":true,"strict":false,"loose":true}],[[],null],[[],null],[[],null],[[],null],[[],null],[[],null],[[],null],[[],null],[[],null],[[],null],[[],null],[[],null],[[],{"loose":true}],[[],{"loose":true}],[[],null],[[],{"loose":true}],[[],null],[[],null],[[],null],[[],null],[[],null],[[],null],[[],{"loose":true}],[[],null],[[],null],[[],null],[[],null],[[],null],[[],null],[[],null]],"ignore":[],"code":true,"metadata":true,"ast":true,"comments":true,"compact":false,"minified":false,"sourceMap":true,"sourceMaps":true,"sourceMapTarget":"imports/ui/body.js.map","sourceFileName":"imports/ui/body.js","babelrc":false,"sourceType":"module","moduleIds":false,"passPerPreset":false,"parserOpts":false,"generatorOpts":false,"basename":"body"},"ignored":false,"code":"var Template = void 0;\nmodule.watch(require(\"meteor/templating\"), {\n  Template: function (v) {\n    Template = v;\n  }\n}, 0);\nvar Tasks = void 0;\nmodule.watch(require(\"../api/tasks.js\"), {\n  Tasks: function (v) {\n    Tasks = v;\n  }\n}, 1);\nmodule.watch(require(\"./body.html\"));\nTemplate.bodyTemplate.events({\n  'submit #newInfoForm': function (event) {\n    // Prevent default browser form submit\n    event.preventDefault(); // Get value from form element\n\n    var target = event.target;\n    var infoData = {\n      name: target.name.value,\n      phone: target.phone.value,\n      email: target.email.value,\n      dateOfBirth: target.dateOfBirth.value,\n      createdAt: new Date()\n    }; // Insert a task into the collection\n\n    Tasks.insert(infoData); // Clear form\n\n    target.name.value = '';\n    target.phone.value = '';\n    target.email.value = '';\n    target.dateOfBirth.value = '';\n  }\n}); // Get data from mongo db table\n\nTemplate.itemsListTemlate.helpers({\n  getAllItems: function () {\n    return Tasks.find({});\n  }\n});\nTemplate.itemsListTemlate.events({\n  'click .deleteItem': function (e) {\n    Tasks.remove(this._id);\n  }\n});","map":{"version":3,"sources":["imports/ui/body.js"],"names":["Template","module","watch","require","v","Tasks","bodyTemplate","events","event","preventDefault","target","infoData","name","value","phone","email","dateOfBirth","createdAt","Date","insert","itemsListTemlate","helpers","getAllItems","find","e","remove","_id"],"mappings":"AAAA,IAAIA,iBAAJ;AAAaC,OAAOC,KAAP,CAAaC,QAAQ,mBAAR,CAAb,EAA0C;AAACH,UAAD,YAAUI,CAAV,EAAY;AAACJ,eAASI,CAAT;AAAW;AAAxB,CAA1C,EAAoE,CAApE;AAAuE,IAAIC,cAAJ;AAAUJ,OAAOC,KAAP,CAAaC,QAAQ,iBAAR,CAAb,EAAwC;AAACE,OAAD,YAAOD,CAAP,EAAS;AAACC,YAAMD,CAAN;AAAQ;AAAlB,CAAxC,EAA4D,CAA5D;AAA+DH,OAAOC,KAAP,CAAaC,QAAQ,aAAR,CAAb;AAM7JH,SAASM,YAAT,CAAsBC,MAAtB,CAA6B;AAC3B,uBAD2B,YACLC,KADK,EACE;AAC3B;AACAA,UAAMC,cAAN,GAF2B,CAI3B;;AACA,QAAMC,SAASF,MAAME,MAArB;AAIA,QAAMC,WAAW;AACfC,YAAMF,OAAOE,IAAP,CAAYC,KADH;AAEfC,aAAOJ,OAAOI,KAAP,CAAaD,KAFL;AAGfE,aAAOL,OAAOK,KAAP,CAAaF,KAHL;AAIfG,mBAAaN,OAAOM,WAAP,CAAmBH,KAJjB;AAKfI,iBAAW,IAAIC,IAAJ;AALI,KAAjB,CAT2B,CAiB3B;;AACAb,UAAMc,MAAN,CAAaR,QAAb,EAlB2B,CAoB3B;;AACCD,WAAOE,IAAP,CAAYC,KAAZ,GAAoB,EAApB;AACAH,WAAOI,KAAP,CAAaD,KAAb,GAAqB,EAArB;AACAH,WAAOK,KAAP,CAAaF,KAAb,GAAqB,EAArB;AACAH,WAAOM,WAAP,CAAmBH,KAAnB,GAA0B,EAA1B;AACF;AA1B0B,CAA7B,E,CA8BC;;AACDb,SAASoB,gBAAT,CAA0BC,OAA1B,CAAkC;AAChCC,aADgC,cAClB;AAEZ,WAAOjB,MAAMkB,IAAN,CAAW,EAAX,CAAP;AACD;AAJ+B,CAAlC;AAOAvB,SAASoB,gBAAT,CAA0Bb,MAA1B,CAAiC;AAC/B,qBAD+B,YACXiB,CADW,EACR;AACrBnB,UAAMoB,MAAN,CAAa,KAAKC,GAAlB;AACD;AAH8B,CAAjC","file":"imports/ui/body.js.map","sourcesContent":["import { Template } from 'meteor/templating';\n \nimport { Tasks } from '../api/tasks.js';\n \nimport './body.html';\n\nTemplate.bodyTemplate.events({\n  'submit #newInfoForm'(event) {\n    // Prevent default browser form submit\n    event.preventDefault();\n \n    // Get value from form element\n    const target = event.target;\n\n\n\n    const infoData = {\n      name: target.name.value,\n      phone: target.phone.value,\n      email: target.email.value,\n      dateOfBirth: target.dateOfBirth.value,\n      createdAt: new Date()\n    };\n \n    // Insert a task into the collection\n    Tasks.insert(infoData);\n \n    // Clear form\n     target.name.value = '';\n     target.phone.value = '';\n     target.email.value = '';\n     target.dateOfBirth.value ='';\n  },\n});\n\n\n // Get data from mongo db table\nTemplate.itemsListTemlate.helpers({\n  getAllItems() {\n\n    return Tasks.find({});\n  },\n});\n\nTemplate.itemsListTemlate.events({\n  'click .deleteItem'(e) {\n    Tasks.remove(this._id);\n  },\n});\n"]},"hash":"da523637a5595f3174e2ba32d74eac44b6e08bb5"}
